StaffId,StaffFName,StaffSName,Email
TI196361,Fauzul Haque,Muhd,uj.kevwe@gmail.com
TI198609,Liman,Haliru,steveomiunu@gmail.com
TI195518,Abdulkarim Ikara,Ibrahim,steveomiunu@yahoo.com
TI196192,Danladi Sunday,Inusa,urijah@gentleflakes.com.ng
TI196426,Felix Aromo,Ilesanmi,messanger@gfclacademy.com
TI198270,Garba Abubakar,Lawal,admin@gentleflakes.com.ng
TI199059,Janet Folasade,Taiwo,uj.kevwe@gmail.com
TI199044,Abubakar Maikobi,Aliyu,steveomiunu@gmail.com
TI199366,Panda Sam,Mao,steveomiunu@yahoo.com
TI199382,Ibrahim Zannah,Zarah,urijah@gentleflakes.com.ng
TI194923,Yusuf,Haruna,messanger@gfclacademy.com
TI196240,Garba Ilelah,Kabiru,admin@gentleflakes.com.ng
